total_trades,total_pnl,avg_pnl,win_rate,avg_days_held,final_capital
425,5895.960240536515,13.872847624791799,0.3411764705882353,2.216470588235294,105895.96024053627
