direction,count,sum,mean
LONG,425,5895.960240536513,13.872847624791795
